Category,Name
ILLUSTRATION,bike_2C.jpg
ILLUSTRATION,bike_2C.psd
ILLUSTRATION,bike_3C.jpg
ILLUSTRATION,bike_3C.psd
ILLUSTRATION,bike_BK.jpg
ILLUSTRATION,bike_BK.psd
ILLUSTRATION,icecream_2C.jpg
ILLUSTRATION,icecream_2C.psd
ILLUSTRATION,icecream_3C.jpg
ILLUSTRATION,icecream_3C.psd
ILLUSTRATION,icecream_BK.jpg
ILLUSTRATION,icecream_BK.psd
ILLUSTRATION,Icon.ai
ILLUSTRATION,Icon.eps
ILLUSTRATION,Icon.jpg
ILLUSTRATION,Parts_01_2C.jpg
ILLUSTRATION,Parts_01_2C.psd
ILLUSTRATION,Parts_01_3C.jpg
ILLUSTRATION,Parts_01_3C.psd
ILLUSTRATION,Parts_01_BK.jpg
ILLUSTRATION,Parts_01_BK.psd
ILLUSTRATION,Parts_02_2C.jpg
ILLUSTRATION,Parts_02_2C.psd
ILLUSTRATION,Parts_02_3C.jpg
ILLUSTRATION,Parts_02_3C.psd
ILLUSTRATION,Parts_02_BK.jpg
ILLUSTRATION,Parts_02_BK.psd
ILLUSTRATION,Parts_03_2C.jpg
ILLUSTRATION,Parts_03_2C.psd
ILLUSTRATION,Parts_03_3C.jpg
ILLUSTRATION,Parts_03_3C.psd
ILLUSTRATION,Parts_03_BK.jpg
ILLUSTRATION,Parts_03_BK.psd
ILLUSTRATION,Parts_04_2C.jpg
ILLUSTRATION,Parts_04_2C.psd
ILLUSTRATION,Parts_04_3C.jpg
ILLUSTRATION,Parts_04_3C.psd
ILLUSTRATION,Parts_04_BK.jpg
ILLUSTRATION,Parts_04_BK.psd
ILLUSTRATION,Parts_05_2C.jpg
ILLUSTRATION,Parts_05_2C.psd
ILLUSTRATION,Parts_05_3C.jpg
ILLUSTRATION,Parts_05_3C.psd
ILLUSTRATION,Parts_05_BK.jpg
ILLUSTRATION,Parts_05_BK.psd
ILLUSTRATION,Parts_06_2C.jpg
ILLUSTRATION,Parts_06_2C.psd
ILLUSTRATION,Parts_06_3C.jpg
ILLUSTRATION,Parts_06_3C.psd
ILLUSTRATION,Parts_06_BK.jpg
ILLUSTRATION,Parts_06_BK.psd
ILLUSTRATION,Parts_07_2C.jpg
ILLUSTRATION,Parts_07_2C.psd
ILLUSTRATION,Parts_07_3C.jpg
ILLUSTRATION,Parts_07_3C.psd
ILLUSTRATION,Parts_07_BK.jpg
ILLUSTRATION,Parts_07_BK.psd
ILLUSTRATION,Parts_08_2C.jpg
ILLUSTRATION,Parts_08_2C.psd
ILLUSTRATION,Parts_08_3C.jpg
ILLUSTRATION,Parts_08_3C.psd
ILLUSTRATION,Parts_08_BK.jpg
ILLUSTRATION,Parts_08_BK.psd
ILLUSTRATION,Parts_09_2C.jpg
ILLUSTRATION,Parts_09_2C.psd
ILLUSTRATION,Parts_09_3C.jpg
ILLUSTRATION,Parts_09_3C.psd
ILLUSTRATION,Parts_09_BK.jpg
ILLUSTRATION,Parts_09_BK.psd
ILLUSTRATION,Parts_10_2C.jpg
ILLUSTRATION,Parts_10_2C.psd
ILLUSTRATION,Parts_10_3C.jpg
ILLUSTRATION,Parts_10_3C.psd
ILLUSTRATION,Parts_10_BK.jpg
ILLUSTRATION,Parts_10_BK.psd
ILLUSTRATION,Parts_11_2C.jpg
ILLUSTRATION,Parts_11_2C.psd
ILLUSTRATION,Parts_11_3C.jpg
ILLUSTRATION,Parts_11_3C.psd
ILLUSTRATION,Parts_11_BK.jpg
ILLUSTRATION,Parts_11_BK.psd
ILLUSTRATION,Phew01_2C.jpg
ILLUSTRATION,Phew01_2C.psd
ILLUSTRATION,Phew01_3C.jpg
ILLUSTRATION,Phew01_3C.psd
ILLUSTRATION,Phew01_BK.jpg
ILLUSTRATION,Phew01_BK.psd
ILLUSTRATION,Phew01_Full.jpg
ILLUSTRATION,Phew01_Full.psd
ILLUSTRATION,Phew01_Text.ai
ILLUSTRATION,Phew01_Text.eps
ILLUSTRATION,Phew01_Text.jpg
ILLUSTRATION,Phew02_2C.jpg
ILLUSTRATION,Phew02_2C.psd
ILLUSTRATION,Phew02_3C.jpg
ILLUSTRATION,Phew02_3C.psd
ILLUSTRATION,Phew02_BK.jpg
ILLUSTRATION,Phew02_BK.psd
ILLUSTRATION,Phew02_Full.jpg
ILLUSTRATION,Phew02_Full.psd
ILLUSTRATION,Phew02_Text.ai
ILLUSTRATION,Phew02_Text.eps
ILLUSTRATION,Phew02_Text.jpg
ILLUSTRATION,Phew03_2C.jpg
ILLUSTRATION,Phew03_2C.psd
ILLUSTRATION,Phew03_3C.jpg
ILLUSTRATION,Phew03_3C.psd
ILLUSTRATION,Phew03_BK.jpg
ILLUSTRATION,Phew03_BK.psd
ILLUSTRATION,Phew03_Full.jpg
ILLUSTRATION,Phew03_Full.psd
ILLUSTRATION,Phew03_Text.ai
ILLUSTRATION,Phew03_Text.eps
ILLUSTRATION,Phew03_Text.jpg
ILLUSTRATION,Phew04_2C.jpg
ILLUSTRATION,Phew04_2C.psd
ILLUSTRATION,Phew04_3C.jpg
ILLUSTRATION,Phew04_3C.psd
ILLUSTRATION,Phew04_BK.jpg
ILLUSTRATION,Phew04_BK.psd
ILLUSTRATION,Phew04_Full.jpg
ILLUSTRATION,Phew04_Full.psd
ILLUSTRATION,Phew04_Text.ai
ILLUSTRATION,Phew04_Text.eps
ILLUSTRATION,Phew04_Text.jpg
ILLUSTRATION,Phew05_2C.jpg
ILLUSTRATION,Phew05_2C.psd
ILLUSTRATION,Phew05_3C.jpg
ILLUSTRATION,Phew05_3C.psd
ILLUSTRATION,Phew05_BK.jpg
ILLUSTRATION,Phew05_BK.psd
ILLUSTRATION,Phew05_Full.jpg
ILLUSTRATION,Phew05_Full.psd
ILLUSTRATION,Phew05_Text.ai
ILLUSTRATION,Phew05_Text.eps
ILLUSTRATION,Phew05_Text.jpg
ILLUSTRATION,Phew06_2C.jpg
ILLUSTRATION,Phew06_2C.psd
ILLUSTRATION,Phew06_3C.jpg
ILLUSTRATION,Phew06_3C.psd
ILLUSTRATION,Phew06_BK.jpg
ILLUSTRATION,Phew06_BK.psd
ILLUSTRATION,Phew06_Full.jpg
ILLUSTRATION,Phew06_Full.psd
ILLUSTRATION,Phew06_Text.ai
ILLUSTRATION,Phew06_Text.eps
ILLUSTRATION,Phew06_Text.jpg
ILLUSTRATION,Phew07_2C.jpg
ILLUSTRATION,Phew07_2C.psd
ILLUSTRATION,Phew07_3C.jpg
ILLUSTRATION,Phew07_3C.psd
ILLUSTRATION,Phew07_BK.jpg
ILLUSTRATION,Phew07_BK.psd
ILLUSTRATION,Phew07_Full.jpg
ILLUSTRATION,Phew07_Full.psd
ILLUSTRATION,Phew07_Text.ai
ILLUSTRATION,Phew07_Text.eps
ILLUSTRATION,Phew07_Text.jpg
ILLUSTRATION,Phew08_2C.jpg
ILLUSTRATION,Phew08_2C.psd
ILLUSTRATION,Phew08_3C.jpg
ILLUSTRATION,Phew08_3C.psd
ILLUSTRATION,Phew08_BK.jpg
ILLUSTRATION,Phew08_BK.psd
ILLUSTRATION,Phew08_Full.jpg
ILLUSTRATION,Phew08_Full.psd
ILLUSTRATION,Phew08_Text.ai
ILLUSTRATION,Phew08_Text.eps
ILLUSTRATION,Phew08_Text.jpg
ILLUSTRATION,Phew09_2C.jpg
ILLUSTRATION,Phew09_2C.psd
ILLUSTRATION,Phew09_3C.jpg
ILLUSTRATION,Phew09_3C.psd
ILLUSTRATION,Phew09_BK.jpg
ILLUSTRATION,Phew09_BK.psd
ILLUSTRATION,Phew09_Full.jpg
ILLUSTRATION,Phew09_Full.psd
ILLUSTRATION,Phew09_Text.ai
ILLUSTRATION,Phew09_Text.eps
ILLUSTRATION,Phew09_Text.jpg
ILLUSTRATION,Phew10_2C.jpg
ILLUSTRATION,Phew10_2C.psd
ILLUSTRATION,Phew10_3C.jpg
ILLUSTRATION,Phew10_3C.psd
ILLUSTRATION,Phew10_BK.jpg
ILLUSTRATION,Phew10_BK.psd
ILLUSTRATION,Phew10_Full.jpg
ILLUSTRATION,Phew10_Full.psd
ILLUSTRATION,Phew10_Text.ai
ILLUSTRATION,Phew10_Text.eps
ILLUSTRATION,Phew10_Text.jpg
ILLUSTRATION,Text1.ai
ILLUSTRATION,Text1.eps
ILLUSTRATION,Text1.jpg
ILLUSTRATION,Text2.eps
ILLUSTRATION,Text2.jpg
ILLUSTRATION,ukulele_2C.jpg
ILLUSTRATION,ukulele_2C.psd
ILLUSTRATION,ukulele_3C.jpg
ILLUSTRATION,ukulele_3C.psd
ILLUSTRATION,ukulele_BK.jpg
ILLUSTRATION,ukulele_BK.psd
ILLUSTRATION,walking_2C.jpg
ILLUSTRATION,walking_2C.psd
ILLUSTRATION,walking_3C.jpg
ILLUSTRATION,walking_3C.psd
ILLUSTRATION,walking_BK.jpg
ILLUSTRATION,walking_BK.psd
LOGO,A_EN01.ai
LOGO,A_EN01.jpg
LOGO,A_EN02.ai
LOGO,A_EN02.jpg
LOGO,A_JP01.ai
LOGO,A_JP01.jpg
LOGO,A_JP02.ai
LOGO,A_JP02.jpg
LOGO,B_EN01.jpg
LOGO,B_EN02.ai
LOGO,B_EN02.jpg
LOGO,B_EN03.ai
LOGO,B_EN03.jpg
LOGO,B_EN04.ai
LOGO,B_EN04.jpg
LOGO,B_EN05.ai
LOGO,B_EN05.jpg
LOGO,B_EN06.ai
LOGO,B_EN06.jpg
LOGO,B_EN07.ai
LOGO,B_EN07.jpg
LOGO,B_EN08.ai
LOGO,B_EN08.jpg
LOGO,B_EN09.ai
LOGO,B_EN09.jpg
LOGO,B_EN01.ai
LOGO,B_EN10.ai
LOGO,B_EN10.jpg
LOGO,B_EN11.ai
LOGO,B_EN11.jpg
LOGO,B_EN12.ai
LOGO,B_EN12.jpg
LOGO,B_JP01.ai
LOGO,B_JP01.jpg
LOGO,B_JP02.ai
LOGO,B_JP02.jpg
LOGO,B_JP03.ai
LOGO,B_JP03.jpg
LOGO,B_JP04.ai
LOGO,B_JP04.jpg
LOGO,B_JP05.ai
LOGO,B_JP05.jpg
LOGO,B_JP06.ai
LOGO,B_JP06.jpg
LOGO,B_JP07.ai
LOGO,B_JP07.jpg
LOGO,B_JP08.ai
LOGO,B_JP08.jpg
LOGO,B_JP09.ai
LOGO,B_JP09.jpg
LOGO,B_JP10.ai
LOGO,B_JP10.jpg
LOGO,B_JP11.ai
LOGO,B_JP11.jpg
LOGO,B_JP12.ai
LOGO,B_JP12.jpg
COPYRIGHT,Copyright.jpg
COPYRIGHT,Copyright2.jpg